Variety_ID,Accession_ID,accession_holding,parent1,parent1_synonym,parent1_holding,parent2,parent2_holding,Code_ID,Panel_246,genetic_group,type,holding,Holding name
11430,11430_H,inrae,11430_usda,11430_usda,USDA,UH_007,UH,3101,yes,Iodent,CrossValidation,"CIAM, Spain",Centro de Investigaciones Agrarias de Mabegondo
A158,A158_H,inrae,A158_inra,A158_inra,INRA,UH_007,UH,1038,no,,nG_ext,"CIMMYT, Mexico",Centro International de Mejoramiento de Maiz y Trigo
A188,A188_H,inrae,A188_inra,A188_inra,INRA,UH_007,UH,1046,no,,nG_ext,"CREA, Italy",Ronsiglio per la ricerca in agricoltura
A3,A3_H,inrae,A3_inra,A3_inra,INRA,UH_007,UH,3102,yes,Other,CrossValidation,"CSIC, Spain",Consejo Superior de Investigaciones Científicas
A310,A310_H,inrae,A310_inra,A310_inra,INRA,UH_007,UH,3008,yes,Other,CrossValidation,"IFSI, USA","Illinois Foundation Seeds, Inc."
A340,A340_H,inrae,A340_inra,A340_inra,INRA,UH_007,UH,1050,no,,nG_ext,"INRAE, France","Institut National de recherche pour l'agriculture, l'alimentation et l'environnement"
A347,A347_H,inrae,A347_inra,A347_inra,INRA,UH_007,UH,3013,yes,Other,CrossValidation,"MTA ATK, Hungary",Magyar Tudományos Akadémia MTA Agrártudományi Kutatóközpont
A374,A374_H,inrae,A374_inra,A374_inra,INRA,UH_007,UH,3017,yes,Other,CrossValidation,"UH, Germany",University of Hohenheim
A375,A375_H,inrae,A375_inra,A375_inra,INRA,UH_007,UH,3103,yes,Other,CrossValidation,"USDA, USA",United States Department of Agriculture
A554,A554_H,inrae,A554_inra,A554_inra,INRA,UH_007,UH,3221,yes,Other,CrossValidation,,
A654,A654_H,inrae,A654_inra,A654_inra,INRA,UH_007,UH,1057,no,,nG_ext,,
AS5707,AS5707_H,inrae,AS5707_usda,AS5707_usda,USDA,UH_007,UH,3067,yes,Lancaster,CrossValidation,,
B100,B100_H,inrae,B100_uh,B100_uh,UH,UH_007,UH,3019,yes,Lancaster,CrossValidation,,
B103,B103_H,inrae,B103_inra,B103_inra,INRA,UH_007,UH,1058,no,,nG_ext,,
B104,B104_H,inrae,B104_inra,B104_inra,INRA,UH_007,UH,3029,yes,Stiff_Stalk,CrossValidation,,
B105,B105_H,inrae,B105_inra,B105_inra,INRA,UH_007,UH,3012,yes,Other,CrossValidation,,
B106,B106_H,inrae,B106_inra,B106_inra,INRA,UH_007,UH,3066,yes,Other,CrossValidation,,
B107,B107_H,inrae,B107_inra,B107_inra,INRA,UH_007,UH,3053,yes,Iodent,CrossValidation,,
B108,B108_H,inrae,B108_uh,B108_uh,UH,UH_007,UH,3074,yes,Other,CrossValidation,,
B109,B109_H,inrae,B109_uh,B109_uh,UH,UH_007,UH,3104,yes,Stiff_Stalk,CrossValidation,,
B110,B110_H,inrae,B110_uh,B110_uh,UH,UH_007,UH,3105,yes,Stiff_Stalk,CrossValidation,,
B111,B111_H,inrae,B111_uh,B111_uh,UH,UH_007,UH,1176,no,,nG_ext,,
B113,B113_H,inrae,B113_uh,B113_uh,UH,UH_007,UH,3059,yes,Other,CrossValidation,,
B14a,B14a_H,inrae,B14a_inra,B14a_inra,INRA,UH_007,UH,3258,no,Stiff_Stalk,CrossValidation,,
B37,B37_H,inrae,B37_inra,B37_inra,INRA,UH_007,UH,3085,yes,Other,CrossValidation,,
B73,B73_H,inrae,B73_inra,B73_inra,INRA,UH_007,UH,3001,yes,Stiff_Stalk,CrossValidation,,
B84,B84_H,inrae,B84_inra,B84_inra,INRA,UH_007,UH,3009,yes,Stiff_Stalk,CrossValidation,,
B89,B89_H,inrae,B89_inra,B89_inra,INRA,UH_007,UH,3030,yes,Other,CrossValidation,,
B97,B97_H,inrae,B97_usa,B97_inra,USA,UH_007,UH,3027,yes,Other,CrossValidation,,
B98,B98_H,inrae,B98_uh,B98_uh,UH,UH_007,UH,3079,yes,Other,CrossValidation,,
C103,C103_H,inrae,C103_inra,C103_inra,INRA,UH_007,UH,3106,yes,Other,CrossValidation,,
CO109,CO109_H,inrae,CO109_inra,CO109_inra,INRA,UH_007,UH,3050,yes,Other,CrossValidation,,
CO125,CO125_H,inrae,CO125_inra,CO125_inra,INRA,UH_007,UH,1039,no,,nG_ext,,
CR1Ht,CR1Ht_H,inrae,CR1Ht_usda,CR1Ht_usda,USDA,UH_007,UH,3107,yes,Lancaster,CrossValidation,,
D06,D06_H,inrae,D06_uh,D06_uh,UH,UH_007,UH,1184,no,,nG_ext,,
D09,D09_H,inrae,D09_uh,D09_uh,UH,UH_007,UH,3108,yes,Other,CrossValidation,,
DE811,DE811_H,inrae,DE811_inra,DE811_inra,INRA,UH_007,UH,3109,yes,Stiff_Stalk,CrossValidation,,
DK4676A,DK4676A_H,inrae,DK4676A_usda,DK4676A_usda,USDA,UH_007,UH,3097,yes,Stiff_Stalk,CrossValidation,,
DK78010,DK78010_H,inrae,DK78010_usda,DK78010_usda,USDA,UH_007,UH,3110,yes,Stiff_Stalk,CrossValidation,,
DK78371A,DK78371A_H,inrae,DK78371A_usda,DK78371A_usda,USDA,UH_007,UH,3056,yes,Lancaster,CrossValidation,,
DKFAPW,DKFAPW_H,inrae,DKFAPW_usda,DKFAPW_usda,USDA,UH_007,UH,3111,yes,Stiff_Stalk,CrossValidation,,
DKFBHJ,DKFBHJ_H,inrae,DKFBHJ_usda,DKFBHJ_usda,USDA,UH_007,UH,3081,yes,Stiff_Stalk,CrossValidation,,
DKIBO2,DKIBO2_H,inrae,DKIBO2_usda,DKIBO2_usda,USDA,UH_007,UH,3112,yes,Iodent,CrossValidation,,
DKMBST,DKMBST_H,inrae,DKMBST_usda,DKMBST_usda,USDA,UH_007,UH,3113,yes,Lancaster,CrossValidation,,
EA1027,EA1027_H,inrae,EM1027_inra,EM1027_inra,INRA,UH_007,UH,3120,yes,Other,CrossValidation,,
EA1163,EA1163_H,inrae,EM1163_inra,EM1163_inra,INRA,UH_007,UH,3070,yes,Other,CrossValidation,,
EA3076,EA3076_H,inrae,EA3076_csic,EA3076_csic,CSIC,UH_007,UH,3090,yes,Other,CrossValidation,,
EC130,EC130_H,inrae,EC130_ciam,EC130_ciam,CIAM,UH_007,UH,1001,no,,nG_ext,,
EC133A,EC133A_H,inrae,EC133A_ciam,EC133A_ciam,CIAM,UH_007,UH,1002,no,,nG_ext,,
EC136,EC136_H,inrae,EC136_ciam,EC136_ciam,CIAM,UH_007,UH,3087,yes,Stiff_Stalk,CrossValidation,,
EC140,EC140_H,inrae,EC140_ciam,EC140_ciam,CIAM,UH_007,UH,3114,yes,Stiff_Stalk,CrossValidation,,
EC151,EC151_H,inrae,EC151_ciam,EC151_ciam,CIAM,UH_007,UH,3115,yes,Stiff_Stalk,CrossValidation,,
EC169,EC169_H,inrae,EC169_ciam,EC169_ciam,CIAM,UH_007,UH,3116,yes,Stiff_Stalk,CrossValidation,,
EC175,EC175_H,inrae,EC175_ciam,EC175_ciam,CIAM,UH_007,UH,3117,yes,Stiff_Stalk,CrossValidation,,
EC232,EC232_H,inrae,EC232_ciam,EC232_ciam,CIAM,UH_007,UH,3033,yes,Other,CrossValidation,,
EC242C,EC242C_H,inrae,EC242C_ciam,EC242C_ciam,CIAM,UH_007,UH,3118,yes,Iodent,CrossValidation,,
EC326A,EC326A_H,inrae,EC326A_ciam,EC326A_ciam,CIAM,UH_007,UH,1011,no,,nG_ext,,
EC334,EC334_H,inrae,EC334_ciam,EC334_ciam,CIAM,UH_007,UH,3119,yes,Other,CrossValidation,,
EP10,EP10_H,inrae,EP10_csic,EP10_csic,CSIC,UH_007,UH,3092,yes,Other,CrossValidation,,
EP2008-18,EP2008-18_H,inrae,EP2008-18_csic,EP2008.18_csic,CSIC,UH_007,UH,3035,yes,Lancaster,CrossValidation,,
EP2008-22,EP2008-22_H,inrae,EP2008-22_csic,EP2008.22_csic,CSIC,UH_007,UH,3121,yes,Lancaster,CrossValidation,,
EP28,EP28_H,inrae,EP28_csic,EP28_csic,CSIC,UH_007,UH,1016,no,,nG_ext,,
EP29,EP29_H,inrae,EP29_csic,EP29_csic,CSIC,UH_007,UH,3098,yes,Other,CrossValidation,,
EP51,EP51_H,inrae,EP51_csic,EP51_csic,CSIC,UH_007,UH,3076,yes,Other,CrossValidation,,
EP52,EP52_H,inrae,EP52_csic,EP52_csic,CSIC,UH_007,UH,3014,yes,Other,CrossValidation,,
EP55,EP55_H,inrae,EP55_csic,EP55_csic,CSIC,UH_007,UH,3078,yes,Other,CrossValidation,,
EP67,EP67_H,inrae,EP67_csic,EP67_csic,CSIC,UH_007,UH,3122,yes,Other,CrossValidation,,
EP72,EP72_H,inrae,EP72_csic,EP72_csic,CSIC,UH_007,UH,3123,yes,Other,CrossValidation,,
EP77,EP77_H,inrae,EP77_csic,EP77_csic,CSIC,UH_007,UH,3124,yes,Other,CrossValidation,,
EZ11A,EZ11A_H,inrae,EZ11A_csic,EZ11A_csic,CSIC,UH_007,UH,3020,yes,Other,CrossValidation,,
EZ18,EZ18_H,inrae,EZ18_csic,EZ18_csic,CSIC,UH_007,UH,3125,yes,Other,CrossValidation,,
EZ31,EZ31_H,inrae,EZ31_csic,EZ31_csic,CSIC,UH_007,UH,3126,yes,Stiff_Stalk,CrossValidation,,
EZ34,EZ34_H,inrae,EZ34_csic,EZ34_csic,CSIC,UH_007,UH,3048,no,Lancaster,CrossValidation,,
EZ35,EZ35_H,inrae,EZ35_csic,EZ35_csic,CSIC,UH_007,UH,3127,yes,Other,CrossValidation,,
EZ36,EZ36_H,inrae,EZ36_csic,EZ36_csic,CSIC,UH_007,UH,3128,yes,Other,CrossValidation,,
EZ37,EZ37_H,inrae,EZ37_csic,EZ37_csic,CSIC,UH_007,UH,3021,yes,Stiff_Stalk,CrossValidation,,
EZ38,EZ38_H,inrae,EZ38_csic,EZ38_csic,CSIC,UH_007,UH,3129,yes,Other,CrossValidation,,
EZ40,EZ40_H,inrae,EZ40_csic,EZ40_csic,CSIC,UH_007,UH,3044,yes,Stiff_Stalk,CrossValidation,,
EZ42,EZ42_H,inrae,EZ42_csic,EZ42_csic,CSIC,UH_007,UH,3130,yes,Stiff_Stalk,CrossValidation,,
EZ46,EZ46_H,inrae,EZ46_csic,EZ46_csic,CSIC,UH_007,UH,3131,no,,nG_ext,,
EZ47,EZ47_H,inrae,EZ47_csic,EZ47_csic,CSIC,UH_007,UH,3006,yes,Other,CrossValidation,,
EZ48,EZ48_H,inrae,EZ48_csic,EZ48_csic,CSIC,UH_007,UH,3132,yes,Stiff_Stalk,CrossValidation,,
EZ5,EZ5_H,inrae,EZ5_csic,EZ5_csic,CSIC,UH_007,UH,3262,no,,nG_ext,,
EZ53,EZ53_H,inrae,EZ53_csic,EZ53_csic,CSIC,UH_007,UH,3133,no,,nG_ext,,
F04401,F04401_H,inrae,F04401_inra,F04401_inra,INRA,UH_007,UH,3134,yes,Iodent,CrossValidation,,
F04402,F04402_H,inrae,F04402_inra,F04402_inra,INRA,UH_007,UH,3135,yes,Iodent,CrossValidation,,
F04701,F04701_H,inrae,F04701_inra,F04701_inra,INRA,UH_007,UH,3136,yes,Lancaster,CrossValidation,,
F04702,F04702_H,inrae,F04702_inra,F04702_inra,INRA,UH_007,UH,3137,yes,Lancaster,CrossValidation,,
F05101,F05101_H,inrae,F05101_inra,F05101_inra,INRA,UH_007,UH,3138,yes,Stiff_Stalk,CrossValidation,,
F05404,F05404_H,inrae,F05404_inra,F05404_inra,INRA,UH_007,UH,3139,yes,Iodent,CrossValidation,,
F113,F113_H,inrae,FV113_inra,FV113_inra,INRA,UH_007,UH,1107,no,,nG_ext,,
F1808,F1808_H,inrae,F1808_inra,F1808_inra,INRA,UH_007,UH,3022,yes,Stiff_Stalk,CrossValidation,,
F1819,F1819_H,inrae,FC1819_inra,FC1819_inra,INRA,UH_007,UH,1103,no,,nG_ext,,
F1890,F1890_H,inrae,FC1890_inra,FC1890_inra,INRA,UH_007,UH,3016,yes,Iodent,CrossValidation,,
F218,F218_H,inrae,FV218_inra,FV218_inra,INRA,UH_007,UH,3152,yes,Other,CrossValidation,,
F252,F252_H,inrae,FV252_inra,FV252_inra,INRA,UH_007,UH,3153,yes,Other,CrossValidation,,
F288,F288_H,inrae,FV288_inra,FV288_inra,INRA,UH_007,UH,1114,no,,nG_ext,,
F317,F317_H,inrae,FV317_inra,FV317_inra,INRA,UH_007,UH,1116,no,,nG_ext,,
F335,F335_H,inrae,FV335_inra,FV335_inra,INRA,UH_007,UH,1118,no,,nG_ext,,
F353,F353_H,inrae,FV353_inra,FV353_inra,INRA,UH_007,UH,3086,yes,Iodent,CrossValidation,,
F354,F354_H,inrae,FV354_inra,FV354_inra,INRA,UH_007,UH,3154,yes,Other,CrossValidation,,
F356,F356_H,inrae,FV356_inra,FV356_inra,INRA,UH_007,UH,1121,no,,nG_ext,,
F496,F496_H,inrae,F496_inra,F496_inra,INRA,UH_007,UH,1077,no,,nG_ext,,
F546,F546_H,inrae,F546_inra,F546_inra,INRA,UH_007,UH,3133,no,NA,CrossValidation,,
F584,F584_H,inrae,F584_inra,F584_inra,INRA,UH_007,UH,3263,no,,nG_ext,,
F604,F604_H,inrae,F604_inra,F604_inra,INRA,UH_007,UH,1080,no,,nG_ext,,
F608,F608_H,inrae,F608_inra,F608_inra,INRA,UH_007,UH,3140,yes,Other,CrossValidation,,
F618,F618_H,inrae,F618_inra,F618_inra,INRA,UH_007,UH,3141,yes,Other,CrossValidation,,
F670,F670_H,inrae,F670_inra,F670_inra,INRA,UH_007,UH,1083,no,,nG_ext,,
F7001,F7001_H,inrae,F7001_inra,F7001_inra,INRA,UH_007,UH,3040,yes,Other,CrossValidation,,
F7019,F7019_H,inrae,F7019_inra,F7019_inra,INRA,UH_007,UH,3142,yes,Other,CrossValidation,,
F7025,F7025_H,inrae,F7025_inra,F7025_inra,INRA,UH_007,UH,3049,yes,Stiff_Stalk,CrossValidation,,
F7028,F7028_H,inrae,F7028_inra,F7028_inra,INRA,UH_007,UH,3015,yes,Other,CrossValidation,,
F7038,F7038_H,inrae,F7038_inra,F7038_inra,INRA,UH_007,UH,1089,no,,nG_ext,,
F7057,F7057_H,inrae,F7057_inra,F7057_inra,INRA,UH_007,UH,3144,yes,Other,CrossValidation,,
F7058,F7058_H,inrae,F7058_inra,F7058_inra,INRA,UH_007,UH,3143,yes,Other,CrossValidation,,
F7059,F7059_H,inrae,F7059_inra,F7059_inra,INRA,UH_007,UH,1091,no,,nG_ext,,
F7081,F7081_H,inrae,F7081_inra,F7081_inra,INRA,UH_007,UH,3036,yes,Other,CrossValidation,,
F7082,F7082_H,inrae,F7082_inra,F7082_inra,INRA,UH_007,UH,3145,yes,Other,CrossValidation,,
F712,F712_H,inrae,F712_inra,F712_inra,INRA,UH_007,UH,3057,yes,Other,CrossValidation,,
F748,F748_H,inrae,F748_inra,F748_uh,INRA,UH_007,UH,3054,yes,Lancaster,CrossValidation,,
F752,F752_H,inrae,F752_inra,F752_inra,INRA,UH_007,UH,3146,yes,Other,CrossValidation,,
F816,F816_H,inrae,F816_inra,F816_inra,INRA,UH_007,UH,3264,no,Lancaster,CrossValidation,,
F838,F838_H,inrae,F838_inra,F838_inra,INRA,UH_007,UH,3028,yes,Other,CrossValidation,,
F874,F874_H,inrae,F874_inra,F874_inra,INRA,UH_007,UH,3147,yes,Other,CrossValidation,,
F888,F888_H,inrae,F888_inra,F888_inra,INRA,UH_007,UH,3148,yes,Other,CrossValidation,,
F894,F894_H,inrae,F894_inra,F894_inra,INRA,UH_007,UH,3010,yes,Other,CrossValidation,,
F908,F908_H,inrae,F908_inra,F908_inra,INRA,UH_007,UH,3149,yes,Other,CrossValidation,,
F912,F912_H,inrae,F912_inra,F912_inra,INRA,UH_007,UH,3011,yes,Iodent,CrossValidation,,
F918,F918_H,inrae,F918_inra,F918_inra,INRA,UH_007,UH,3065,yes,Other,CrossValidation,,
F922,F922_H,inrae,F922_inra,F922_inra,INRA,UH_007,UH,3150,yes,Other,CrossValidation,,
F924,F924_H,inrae,F924_inra,F924_inra,INRA,UH_007,UH,3043,yes,Stiff_Stalk,CrossValidation,,
F98902,F98902_H,inrae,F98902_inra,F98902_inra,INRA,UH_007,UH,3084,yes,Iodent,CrossValidation,,
FP1,FP1_H,inrae,FP1_inra,FP1_inra,INRA,UH_007,UH,3151,yes,Other,CrossValidation,,
FR19,FR19_H,inrae,FR19_usda,FR19_usda,USDA,UH_007,UH,3018,yes,Other,CrossValidation,,
FR697,FR697_H,inrae,FR697_ifsi,FR697_ifsi,IFSI,UH_007,UH,3222,yes,Lancaster,CrossValidation,,
H99,H99_H,inrae,H99_inra,H99_inra,INRA,UH_007,UH,3155,yes,Lancaster,CrossValidation,,
HMV5301,HMV5301_H,inrae,HMV5301_Martonvasar,HMV5301_Martonvasar,MTA-ATK,UH_007,UH,3156,yes,Iodent,CrossValidation,,
HMV5325,HMV5325_H,inrae,HMV5325_Martonvasar,HMV5325_Martonvasar,MTA-ATK,UH_007,UH,3058,yes,Stiff_Stalk,CrossValidation,,
HMV5343,HMV5343_H,inrae,HMV5343_Martonvasar,HMV5343_Martonvasar,MTA-ATK,UH_007,UH,3157,yes,Stiff_Stalk,CrossValidation,,
HMV5347,HMV5347_H,inrae,HMV5347_Martonvasar,HMV5347_Martonvasar,MTA-ATK,UH_007,UH,3158,yes,Stiff_Stalk,CrossValidation,,
HMV5405,HMV5405_H,inrae,HMV5405_Martonvasar,HMV5405_Martonvasar,MTA-ATK,UH_007,UH,3042,yes,Iodent,CrossValidation,,
HMV5409,HMV5409_H,inrae,HMV5409_Martonvasar,HMV5409_Martonvasar,MTA-ATK,UH_007,UH,3159,yes,Other,CrossValidation,,
HMV5422,HMV5422_H,inrae,HMV5422_Martonvasar,HMV5422_Martonvasar,MTA-ATK,UH_007,UH,3037,yes,Stiff_Stalk,CrossValidation,,
HMV5502,HMV5502_H,inrae,HMV5502_Martonvasar,HMV5502_Martonvasar,MTA-ATK,UH_007,UH,3160,yes,Iodent,CrossValidation,,
I198,I198_H,inrae,I198_inra,I198_inra,INRA,UH_007,UH,3161,yes,Other,CrossValidation,,
I205,I205_H,inrae,I205_inra,I205_inra,INRA,UH_007,UH,3162,no,Other,CrossValidation,,
I211,I211_H,inrae,I211_inra,I211_inra,INRA,UH_007,UH,3163,no,Other,CrossValidation,,
I233,I233_H,inrae,I233_inra,I233_inra,INRA,UH_007,UH,3164,yes,Other,CrossValidation,,
I238,I238_H,inrae,I238_inra,I238_inra,INRA,UH_007,UH,3165,yes,Other,CrossValidation,,
I242,I242_H,inrae,I242_inra,I242_inra,INRA,UH_007,UH,3166,yes,Other,CrossValidation,,
I261,I261_H,inrae,I261_inra,I261_inra,INRA,UH_007,UH,3167,yes,Other,CrossValidation,,
I267,I267_H,inrae,I267_inra,I267_inra,INRA,UH_007,UH,3168,yes,Other,CrossValidation,,
IDT,IDT_H,inrae,IDT_inra,IDT_inra,INRA,UH_007,UH,3169,yes,Other,CrossValidation,,
LAN496,LAN496_H,inrae,LAN496_inra,LAN496_inra,INRA,UH_007,UH,3034,yes,Other,CrossValidation,,
LH123Ht,LH123Ht_H,inrae,LH123Ht_usda,LH123Ht_usda,USDA,UH_007,UH,3170,yes,Lancaster,CrossValidation,,
LH145,LH145_H,inrae,LH145_usda,LH145_usda,USDA,UH_007,UH,3060,yes,Stiff_Stalk,CrossValidation,,
LH146Ht,LH146HT_H,inrae,LH146Ht_usda,LH146Ht_usda,USDA,UH_007,UH,1269,no,,nG_ext,,
LH38,LH38_H,inrae,LH38_usda,LH38_usda,USDA,UH_007,UH,3024,yes,Lancaster,CrossValidation,,
LH39,LH39_H,inrae,LH39_usda,LH39_usda,USDA,UH_007,UH,3171,yes,Lancaster,CrossValidation,,
LH59,LH59_H,inrae,LH59_usda,LH59_usda,USDA,UH_007,UH,3172,yes,Lancaster,CrossValidation,,
LH60,LH60_H,inrae,LH60_usda,LH60_usda,USDA,UH_007,UH,3173,yes,Lancaster,CrossValidation,,
LH65,LH65_H,inrae,LH65_usda,LH65_usda,USDA,UH_007,UH,3174,yes,Lancaster,CrossValidation,,
LH74,LH74_H,inrae,LH74_inra,LH74_inra,INRA,UH_007,UH,3041,yes,Stiff_Stalk,CrossValidation,,
LH82,LH82_H,inrae,LH82_inra,LH82_inra,INRA,UH_007,UH,3072,yes,Other,CrossValidation,,
LH85,LH85_H,inrae,LH85_usda,LH85_usda,USDA,UH_007,UH,1274,no,,nG_ext,,
LH93,LH93_H,inrae,LH93_usda,LH93_usda,USDA,UH_007,UH,3100,yes,Other,CrossValidation,,
Lo1016,Lo1016_H,inrae,Lo1016_bergamo,Lo1016_bergamo,CREA,UH_007,UH,3175,yes,Stiff_Stalk,CrossValidation,,
Lo1026,Lo1026_H,inrae,Lo1026_bergamo,Lo1026_bergamo,CREA,UH_007,UH,3176,yes,Stiff_Stalk,CrossValidation,,
Lo1035,Lo1035_H,inrae,Lo1035_bergamo,Lo1035_bergamo,CREA,UH_007,UH,3177,yes,Lancaster,CrossValidation,,
Lo1038,Lo1038_H,inrae,Lo1038_bergamo,Lo1038_bergamo,CREA,UH_007,UH,3178,yes,Other,CrossValidation,,
Lo1056,Lo1056_H,inrae,Lo1056_bergamo,Lo1056_bergamo,CREA,UH_007,UH,3179,yes,Lancaster,CrossValidation,,
Lo1063,Lo1063_H,inrae,Lo1063_bergamo,Lo1063_bergamo,CREA,UH_007,UH,3180,yes,Stiff_Stalk,CrossValidation,,
Lo1087,Lo1087_H,inrae,Lo1087_bergamo,Lo1087_bergamo,CREA,UH_007,UH,3181,yes,Stiff_Stalk,CrossValidation,,
Lo1094,Lo1094_H,inrae,Lo1094_bergamo,Lo1094_bergamo,CREA,UH_007,UH,3182,yes,Stiff_Stalk,CrossValidation,,
Lo1095,Lo1095_H,inrae,Lo1095_bergamo,Lo1095_bergamo,CREA,UH_007,UH,3183,yes,Iodent,CrossValidation,,
Lo1101,Lo1101_H,inrae,Lo1101_bergamo,Lo1101_bergamo,CREA,UH_007,UH,3184,yes,Stiff_Stalk,CrossValidation,,
Lo1106,Lo1106_H,inrae,Lo1106_bergamo,Lo1106_bergamo,CREA,UH_007,UH,3185,yes,Stiff_Stalk,CrossValidation,,
Lo1123,Lo1123_H,inrae,Lo1123_bergamo,Lo1123_bergamo,CREA,UH_007,UH,3186,yes,Iodent,CrossValidation,,
Lo1124,Lo1124_H,inrae,Lo1124_bergamo,Lo1124_bergamo,CREA,UH_007,UH,3187,yes,Lancaster,CrossValidation,,
Lo1130,Lo1130_H,inrae,Lo1130_bergamo,Lo1130_bergamo,CREA,UH_007,UH,3188,no,Iodent,CrossValidation,,
Lo1172,Lo1172_H,inrae,Lo1172_bergamo,Lo1172_bergamo,CREA,UH_007,UH,3189,yes,Other,CrossValidation,,
Lo1180,Lo1180_H,inrae,Lo1180_bergamo,Lo1180_bergamo,CREA,UH_007,UH,3190,yes,Iodent,CrossValidation,,
Lo1187,Lo1187_H,inrae,Lo1187_bergamo,Lo1187_bergamo,CREA,UH_007,UH,3191,yes,Stiff_Stalk,CrossValidation,,
Lo1199,Lo1199_H,inrae,Lo1199_bergamo,Lo1199_bergamo,CREA,UH_007,UH,3192,yes,Stiff_Stalk,CrossValidation,,
Lo1203,Lo1203_H,inrae,Lo1203_bergamo,Lo1203_bergamo,CREA,UH_007,UH,3193,yes,Lancaster,CrossValidation,,
Lo1223,Lo1223_H,inrae,Lo1223_bergamo,Lo1223_bergamo,CREA,UH_007,UH,3194,yes,Stiff_Stalk,CrossValidation,,
Lo1242,Lo1242_H,inrae,Lo1242_bergamo,Lo1242_bergamo,CREA,UH_007,UH,3195,yes,Lancaster,CrossValidation,,
Lo1251,Lo1251_H,inrae,Lo1251_bergamo,Lo1251_bergamo,CREA,UH_007,UH,3196,yes,Stiff_Stalk,CrossValidation,,
Lo1253,Lo1253_H,inrae,Lo1253_bergamo,Lo1253_bergamo,CREA,UH_007,UH,3197,yes,Stiff_Stalk,CrossValidation,,
Lo1261,Lo1261_H,inrae,Lo1261_bergamo,Lo1261_bergamo,CREA,UH_007,UH,3198,yes,Stiff_Stalk,CrossValidation,,
Lo1266,Lo1266_H,inrae,Lo1266_bergamo,Lo1266_bergamo,CREA,UH_007,UH,3199,yes,Iodent,CrossValidation,,
Lo1270,Lo1270_H,inrae,Lo1270_bergamo,Lo1270_bergamo,CREA,UH_007,UH,3200,yes,Lancaster,CrossValidation,,
Lo1273,Lo1273_H,inrae,Lo1273_bergamo,Lo1273_bergamo,CREA,UH_007,UH,3201,yes,Iodent,CrossValidation,,
Lo1274,Lo1274_H,inrae,Lo1274_bergamo,Lo1274_bergamo,CREA,UH_007,UH,3202,yes,Lancaster,CrossValidation,,
Lo1280,Lo1280_H,inrae,Lo1280_bergamo,Lo1280_bergamo,CREA,UH_007,UH,3203,yes,Lancaster,CrossValidation,,
Lo1282,Lo1282_H,inrae,Lo1282_bergamo,Lo1282_bergamo,CREA,UH_007,UH,3204,yes,Lancaster,CrossValidation,,
Lo1284,Lo1284_H,inrae,Lo1284_bergamo,Lo1284_bergamo,CREA,UH_007,UH,3205,yes,Lancaster,CrossValidation,,
Lo1288,Lo1288_H,inrae,Lo1288_bergamo,Lo1288_bergamo,CREA,UH_007,UH,3206,yes,Lancaster,CrossValidation,,
Lo1290,Lo1290_H,inrae,Lo1290_bergamo,Lo1290_bergamo,CREA,UH_007,UH,3207,yes,Lancaster,CrossValidation,,
Lo1301,Lo1301_H,inrae,Lo1301_bergamo,Lo1301_bergamo,CREA,UH_007,UH,3209,yes,Stiff_Stalk,CrossValidation,,
Lo904,Lo904_H,inrae,Lo904_bergamo,Lo904_bergamo,CREA,UH_007,UH,3210,yes,Stiff_Stalk,CrossValidation,,
Lp5,Lp5_H,inrae,Lp5_usda,Lp5_usda,INRA,UH_007,UH,3069,yes,Stiff_Stalk,CrossValidation,,
ML606,ML606_H,inrae,ML606_usda,ML606_usda,USDA,UH_007,UH,3080,yes,Lancaster,CrossValidation,,
Mo15W,Mo15W_H,inrae,Mo15W_inra,Mo15W_inra,INRA,UH_007,UH,3211,yes,Other,CrossValidation,,
Mo17,Mo17_H,inrae,Mo17_inra,Mo17_inra,INRA,UH_007,UH,3046,yes,Lancaster,CrossValidation,,
MS153,MS153_H,inrae,MS153_inra,MS153_inra,INRA,UH_007,UH,3007,yes,Other,CrossValidation,,
MS71,MS71_H,inrae,MS71_uh,MS71_uh,UH,UH_007,UH,3096,yes,Other,CrossValidation,,
N16,N16_H,inrae,N16_inra,N16_inra,INRA,UH_007,UH,3212,yes,Other,CrossValidation,,
N192,N192_H,inrae,N192_usa,N192_usa,USA,UH_007,UH,3213,yes,Stiff_Stalk,CrossValidation,,
N22,N22_H,inrae,N22_inra,N22_inra,INRA,UH_007,UH,3214,yes,Other,CrossValidation,,
N25,N25_H,inrae,N25_inra,N25_inra,INRA,UH_007,UH,3052,yes,Other,CrossValidation,,
N6,N6_H,inrae,N6_inra,N6_inra,INRA,UH_007,UH,3064,yes,Other,CrossValidation,,
NC290,NC290_H,inrae,NC290_uh,NC290_cim,UH,UH_007,UH,3031,yes,Lancaster,CrossValidation,,
NC358,NC358_H,inrae,NC358_uh,NC358_cim,UH,UH_007,UH,3099,yes,Other,CrossValidation,,
NDB8,NDB8_H,inrae,NDB8_inra,NDB8_inra,INRA,UH_007,UH,3094,yes,Other,CrossValidation,,
NK764,NK764_H,inrae,NK764_usda,NK764_usda,USDA,UH_007,UH,3215,yes,Stiff_Stalk,CrossValidation,,
NK807,NK807_H,inrae,NK807_usda,NK807_usda,USDA,UH_007,UH,3216,yes,Other,CrossValidation,,
NKH8431,NKH8431_H,inrae,NKH8431_usda,NKH8431_usda,USDA,UH_007,UH,1280,no,,nG_ext,,
NQ508,NQ508_H,inrae,NQ508_usda,NQ508_usda,USDA,UH_007,UH,3217,yes,Iodent,CrossValidation,,
NS501,NS501_H,inrae,NS501_usda,NS501_usda,USDA,UH_007,UH,3265,no,Iodent,CrossValidation,,
NS701,NS701_H,inrae,NS701_usda,NS701_usda,USDA,UH_007,UH,3218,yes,Stiff_Stalk,CrossValidation,,
Oh02,Oh02_H,inrae,Oh02_inra,Oh02_inra,INRA,UH_007,UH,3025,yes,Other,CrossValidation,,
Oh33,Oh33_H,inrae,Oh33_inra,Oh33_inra,INRA,UH_007,UH,3005,yes,Other,CrossValidation,,
Oh40B,Oh40B_H,inrae,Oh40B_inra,Oh40B_inra,INRA,UH_007,UH,3219,yes,Lancaster,CrossValidation,,
Oh43,Oh43_H,inrae,Oh43_inra,Oh43_inra,INRA,UH_007,UH,3003,yes,Lancaster,CrossValidation,,
Os426,Os426_H,inrae,Os426_inra,Os426_inra,INRA,UH_007,UH,3038,yes,Other,CrossValidation,,
P465P,P465P_H,inrae,P465P_inra,ARGP465_inra,INRA,UH_007,UH,3220,yes,Other,CrossValidation,,
Pa35,Pa35_H,inrae,Pa35_inra,Pa35_inra,INRA,UH_007,UH,3266,no,Other,CrossValidation,,
Pa36,Pa36_H,inrae,Pa36_inra,Pa36_inra,INRA,UH_007,UH,3208,yes,Other,CrossValidation,,
Pa405,Pa405_H,inrae,Pa405_uh,Pa405_uh,UH,UH_007,UH,3023,yes,Other,CrossValidation,,
Pa91,Pa91_H,inrae,Pa91_inra,Pa91_inra,INRA,UH_007,UH,3089,yes,Other,CrossValidation,,
PB116,PB116_H,inrae,PB116_inra,PB116_inra,INRA,UH_007,UH,3062,yes,Other,CrossValidation,,
PB98TR,PB98TR_H,inrae,PB98TR_inra,PB98TR_inra,INRA,UH_007,UH,3061,yes,Other,CrossValidation,,
PH207,PH207_H,inrae,PH207_usda,PH207_usda,USDA,UH_007,UH,3002,yes,Iodent,CrossValidation,,
PHB09,PHB09_H,inrae,PHB09_usda,PHB09_usda,USDA,UH_007,UH,3083,yes,Stiff_Stalk,CrossValidation,,
PHG35,PHG35_H,inrae,PHG35_usda,PHG35_usda,USDA,UH_007,UH,3223,yes,Iodent,CrossValidation,,
PHG39,PHG39_H,inrae,PHG39_usda,PHG39_usda,USDA,UH_007,UH,3039,yes,Stiff_Stalk,CrossValidation,,
PHG47,PHG47_H,inrae,PHG47_usda,PHG47_usda,USDA,UH_007,UH,3082,yes,Lancaster,CrossValidation,,
PHG50,PHG50_H,inrae,PHG50_usda,PHG50_usda,USDA,UH_007,UH,3224,yes,Iodent,CrossValidation,,
PHG71,PHG71_H,inrae,PHG71_usda,PHG71_usda,USDA,UH_007,UH,3225,yes,Iodent,CrossValidation,,
PHG80,PHG80_H,inrae,PHG80_usda,PHG80_usda,USDA,UH_007,UH,3226,yes,Stiff_Stalk,CrossValidation,,
PHG83,PHG83_H,inrae,PHG83_usda,PHG83_usda,USDA,UH_007,UH,3051,yes,Iodent,CrossValidation,,
PHG84,PHG84_H,inrae,PHG84_usda,PHG84_usda,USDA,UH_007,UH,3227,yes,Lancaster,CrossValidation,,
PHG86,PHG86_H,inrae,PHG86_usda,PHG86_usda,USDA,UH_007,UH,3055,yes,Stiff_Stalk,CrossValidation,,
PHH93,PHH93_H,inrae,PHH93_usda,PHH93_usda,USDA,UH_007,UH,3077,yes,Iodent,CrossValidation,,
PHJ40,PHJ40_H,inrae,PHJ40_usda,PHJ40_usda,USDA,UH_007,UH,3228,yes,Lancaster,CrossValidation,,
PHK29,PHK29_H,inrae,PHK29_usda,PHK29_usda,USDA,UH_007,UH,3229,yes,Stiff_Stalk,CrossValidation,,
PHK76,PHK76_H,inrae,PHK76_usda,PHK76_usda,INRA,UH_007,UH,3091,yes,Lancaster,CrossValidation,,
PHR36,PHR36_H,inrae,PHR36_usda,PHR36_usda,USDA,UH_007,UH,3230,yes,Other,CrossValidation,,
PHT77,PHT77_H,inrae,PHT77_usda,PHT77_usda,USDA,UH_007,UH,3231,yes,Lancaster,CrossValidation,,
PHV63,PHV63_H,inrae,PHV63_usda,PHV63_usda,USDA,UH_007,UH,3232,yes,Stiff_Stalk,CrossValidation,,
PHW65,PHW65_H,inrae,PHW65_usda,PHW65_usda,USDA,UH_007,UH,3233,yes,Lancaster,CrossValidation,,
PHZ51,PHZ51_H,inrae,PHZ51_usda,PHZ51_usda,USDA,UH_007,UH,3234,yes,Lancaster,CrossValidation,,
PP147,PP147_H,inrae,PP147_inra,PP147_inra,INRA,UH_007,UH,3268,no,Other,CrossValidation,,
SC-Malawi,SC-Malawi_H,inrae,SC-Malawi_cim,SC.Malawi_cim,CIMMYT,UH_007,UH,3235,yes,Other,CrossValidation,,
SGI061,SGI061_H,inrae,SGI061_ifsi,SGI061_ifsi,IFSI,UH_007,UH,3256,yes,Iodent,CrossValidation,,
UH_1595,UH_1595_H,inrae,UH_1595_uh,UH_1595_uh,UH,UH_007,UH,1192,no,,nG_ext,,
UH_2500,UH_2500_H,inrae,UH_2500_uh,UH_2500_uh,UH,UH_007,UH,3236,yes,Other,CrossValidation,,
UH_2551,UH_2551_H,inrae,UH_2551_uh,UH_2551_uh,UH,UH_007,UH,1196,no,,nG_ext,,
UH_4068,UH_4068_H,inrae,UH_4068_uh,UH_4068_uh,UH,UH_007,UH,1197,no,,nG_ext,,
UH_6102,UH_6102_H,inrae,UH_6102_uh,UH_6102_uh,UH,UH_007,UH,3237,yes,Iodent,CrossValidation,,
UH_6103,UH_6103_H,inrae,UH_6103_uh,UH_6103_uh,UH,UH_007,UH,1199,no,,nG_ext,,
UH_6132,UH_6132_H,inrae,UH_6132_uh,UH_6132_uh,UH,UH_007,UH,1201,no,,nG_ext,,
UH_6148,UH_6148_H,inrae,UH_6148_uh,UH_6148_uh,UH,UH_007,UH,1203,no,,nG_ext,,
UH_6151,UH_6151_H,inrae,UH_6151_uh,UH_6151_uh,UH,UH_007,UH,1204,no,,nG_ext,,
UH_6161,UH_6161_H,inrae,UH_6161_uh,UH_6161_uh,UH,UH_007,UH,1205,no,,nG_ext,,
UH_6179,UH_6179_H,inrae,UH_6179_uh,UH_6179_uh,UH,UH_007,UH,3238,yes,Iodent,CrossValidation,,
UH_8513,UH_8513_H,inrae,UH_8513_uh,UH_8513_uh,UH,UH_007,UH,1209,no,,nG_ext,,
UH_P001,UH_P001_H,inrae,UH_P001_uh,UH_P001_uh,UH,UH_007,UH,1210,no,,nG_ext,,
UH_P017,UH_P017_H,inrae,UH_P017_uh,UH_P017_uh,UH,UH_007,UH,1212,no,,nG_ext,,
UH_P024,UH_P024_H,inrae,UH_P024_uh,UH_P024_uh,UH,UH_007,UH,3239,yes,Iodent,CrossValidation,,
UH_P033,UH_P033_H,inrae,UH_P033_uh,UH_P033_uh,UH,UH_007,UH,1214,no,,nG_ext,,
UH_P040,UH_P040_H,inrae,UH_P040_uh,UH_P040_uh,UH,UH_007,UH,1218,no,,nG_ext,,
UH_P042,UH_P042_H,inrae,UH_P042_uh,UH_P042_uh,UH,UH_007,UH,1219,no,,nG_ext,,
UH_P060,UH_P060_H,inrae,UH_P060_uh,UH_P060_uh,UH,UH_007,UH,3240,yes,Iodent,CrossValidation,,
UH_P064,UH_P064_H,inrae,UH_P064_uh,UH_P064_uh,UH,UH_007,UH,3241,yes,Iodent,CrossValidation,,
UH_P066,UH_P066_H,inrae,UH_P066_uh,UH_P066_uh,UH,UH_007,UH,1224,no,,nG_ext,,
UH_P072,UH_P072_H,inrae,UH_P072_uh,UH_P072_uh,UH,UH_007,UH,1225,no,,nG_ext,,
UH_P074,UH_P074_H,inrae,UH_P074_uh,UH_P074_uh,UH,UH_007,UH,3242,yes,Iodent,CrossValidation,,
UH_P087,UH_P087_H,inrae,UH_P087_uh,UH_P087_uh,UH,UH_007,UH,3243,yes,Iodent,CrossValidation,,
UH_P089,UH_P089_H,inrae,UH_P089_uh,UH_P089_uh,UH,UH_007,UH,3032,yes,Iodent,CrossValidation,,
UH_P104,UH_P104_H,inrae,UH_P104_uh,UH_P104_uh,UH,UH_007,UH,3244,yes,Other,CrossValidation,,
UH_P115,UH_P115_H,inrae,UH_P115_uh,UH_P115_uh,UH,UH_007,UH,3245,yes,Iodent,CrossValidation,,
UH_P128,UH_P128_H,inrae,UH_P128_uh,UH_P128_uh,UH,UH_007,UH,3075,yes,Iodent,CrossValidation,,
UH_P130,UH_P130_H,inrae,UH_P130_uh,UH_P130_uh,UH,UH_007,UH,1233,no,,nG_ext,,
UH_P131,UH_P131_H,inrae,UH_P131_uh,UH_P131_uh,UH,UH_007,UH,1234,no,,nG_ext,,
UH_P148,UH_P148_H,inrae,UH_P148_uh,UH_P148_uh,UH,UH_007,UH,3246,yes,Iodent,CrossValidation,,
UH_S015,UH_S015_H,inrae,UH_S015_uh,UH_S015_uh,UH,UH_007,UH,1239,no,,nG_ext,,
UH_S018,UH_S018_H,inrae,UH_S018_uh,UH_S018_uh,UH,UH_007,UH,3247,yes,Other,CrossValidation,,
UH_S020,UH_S020_H,inrae,UH_S020_uh,UH_S020_uh,UH,UH_007,UH,3248,yes,Other,CrossValidation,,
UH_S025,UH_S025_H,inrae,UH_S025_uh,UH_S025_uh,UH,UH_007,UH,3249,yes,Other,CrossValidation,,
UH_S033,UH_S033_H,inrae,UH_S033_uh,UH_S033_uh,UH,UH_007,UH,1242,no,,nG_ext,,
UH_S036,UH_S036_H,inrae,UH_S036_uh,UH_S036_uh,UH,UH_007,UH,1243,no,,nG_ext,,
UH_S040,UH_S040_H,inrae,UH_S040_uh,UH_S040_uh,UH,UH_007,UH,1244,no,,nG_ext,,
UH_S067,UH_S067_H,inrae,UH_S067_uh,UH_S067_uh,UH,UH_007,UH,1245,no,,nG_ext,,
UH250,UH250_H,inrae,UH250_uh,UH250_uh,UH,UH_007,UH,3026,yes,Other,CrossValidation,,
UH304,UH304_H,inrae,UH304_uh,UH304_uh,UH,UH_007,UH,3250,yes,Iodent,CrossValidation,,
Va26,Va26_H,inrae,Va26_inra,Va26_inra,INRA,UH_007,UH,3251,yes,Lancaster,CrossValidation,,
W117,W117_H,inrae,W117_inra,W117_inra,INRA,UH_007,UH,3252,yes,Other,CrossValidation,,
W153R,W153R_H,inrae,W153R_usa,W153Rht_inra,USA,UH_007,UH,3131,yes,Other,CrossValidation,,
W182B,W182B_H,inrae,W182B_inra,W182B_inra,INRA,UH_007,UH,1158,no,,nG_ext,,
W182E,W182E_H,inrae,W182E_inra,W182E_inra,INRA,UH_007,UH,3253,yes,Other,CrossValidation,,
W23,W23_H,inrae,W23_uh,W23_uh,INRA,UH_007,UH,3045,yes,Other,CrossValidation,,
W33,W33_H,inrae,W33_inra,W33_inra,INRA,UH_007,UH,1160,no,,nG_ext,,
W602S,W602S_H,inrae,W602S_uh,W602S_uh,UH,UH_007,UH,3063,yes,Lancaster,CrossValidation,,
W604S,W604S_H,inrae,W604S_uh,W604S_uh,UH,UH_007,UH,3254,yes,Lancaster,CrossValidation,,
W64A,W64A_H,inrae,W64A_inra,W64A_inra,INRA,UH_007,UH,3004,yes,Other,CrossValidation,,
W9,W9_H,inrae,W9_inra,W9_inra,INRA,UH_007,UH,3047,yes,Other,CrossValidation,,
W95115,W95115_H,inrae,W95115_inra,W95115_inra,INRA,UH_007,UH,3088,yes,Other,CrossValidation,,
Wf9,Wf9_H,inrae,Wf9_inra,Wf9_inra,INRA,UH_007,UH,3255,yes,Other,CrossValidation,,
YUBC1a,YUBC1A_H,inrae,YUBC1a_inra,YUBC1a_inra,INRA,UH_007,UH,1167,no,,nG_ext,,
